Customer_Existing_Primary_Bank_Code,Primary_Bank_Type
B001,P
B002,P
B003,G
B014,P
B006,P
B017,G
B004,P
B023,G
B011,P
B022,G
B009,G
B021,P
B016,G
B033,G
B043,P
B005,P
B028,P
B008,G
B047,P
B024,G
B032,G
B010,G
B020,G
B031,G
B025,G
B018,G
B007,G
B012,G
B039,G
B015,P
B026,P
B030,P
B037,G
B045,G
B041,P
B013,G
B044,P
B019,G
B036,G
B042,G
B027,G
B038,P
B034,G
B035,P
B040,P
B029,G
B046,P
B055,G
B049,G
B048,P
B050,P
B051,P
B056,G
B053,P
B054,G
B052,P
B057,P
